mysql> select faculty_name from faculty where gender='f';
+--------------+
| faculty_name |
+--------------+
| pavi         |
+--------------+
1 row in set (0.00 sec)

mysql> select *from faculty where first_name like'%i%';
Empty set (0.01 sec)

mysql> select *from faculty where first_name like'%a%';
+--------------------+--------------+--------+---------------+--------------+------------+
| faculty_identifier | faculty_name | gender | date_of_birth | date_of_join | first_name |
+--------------------+--------------+--------+---------------+--------------+------------+
| 1                  | pavi         | f      |          1996 |         2019 | gowda      |
+--------------------+--------------+--------+---------------+--------------+------------+
1 row in set (0.00 sec)